{"cameraMode":{"drawMode":0,"name":"Shaded","section":"Shading Mode"},"sceneLighting":false,"audioPlay":false,"sceneViewState":{"showFog":false,"showMaterialUpdate":false,"showSkybox":false,"showFlares":false,"showImageEffects":false,"showParticleSystems":false},"in2DMode":false,"pivot":{"x":-0.3920832574367523,"y":-0.47216013073921206,"z":13.322092056274414},"rotation":{"x":-0.3476848900318146,"y":0.2327330857515335,"z":-0.0895649790763855,"w":-0.9039086103439331},"size":3.485612392425537,"orthographic":false}