{"cameraMode":{"drawMode":0,"name":"Shaded","section":"Shading Mode"},"sceneLighting":true,"audioPlay":false,"sceneViewState":{"showFog":false,"showMaterialUpdate":false,"showSkybox":false,"showFlares":false,"showImageEffects":false,"showParticleSystems":false},"in2DMode":false,"pivot":{"x":6.3318610191345219,"y":5.466489791870117,"z":8.059483528137207},"rotation":{"x":-0.3359610438346863,"y":0.5321081876754761,"z":-0.24207420647144319,"w":-0.7385969161987305},"size":3.485612392425537,"orthographic":false}